USE department_performance;

INSERT INTO companies (company_id, company_name, hq_phone_no)
VALUES
(1, 'ABC Company', '03-98765432'),
(2, 'XYZ Corporation', '03-87654328'),
(3, 'Acme Inc.', '03-23456789'),
(4, 'Global Tech', '03-87654321'),
(5, 'MegaCorp', '03-98865432'),
(6, 'Stellar Solutions', '03-34517890'),
(7, 'BlueSky Industries', '03-45688901'),
(8, 'Innovate Inc.', '03-89012345'),
(9, 'TechNexus', '03-89012346'),
(10, 'Apex Systems', '03-34567890'),
(11, 'MicroTech', '03-89012348'),
(12, 'Alpha Enterprises', '03-89012349'),
(13, 'Quantum Solutions', '03-56789012'),
(14, 'Optimum Systems', '03-89012351'),
(15, 'TechConnect', '03-67890123'),
(16, 'AlphaTech', '03-90123456'),
(17, 'Future Innovations', '03-89012354'),
(18, 'Dynamic Solutions', '03-45678901'),
(19, 'PowerTech', '03-89012356'),
(20, 'Elite Enterprises', '03-23456889');

INSERT INTO customers(customer_id,customer,phone_no,email_add,company_id) VALUES
 ('c001','Ahmad Abdullah','012-3456789','ahmadabdullah@example.com',1)
,('c002','Nurul Mohd Yusof','012-3456790','nurulmohdyusof@example.com',19)
,('c003','Amirul Hassan','012-3456791','amirulhassan@example.com',17)
,('c004','Siti Ibrahim','012-3456792','sitiibrahim@example.com',5)
,('c005','Hafiz Mohd Nor','012-3456793','hafizmohdnor@example.com',17)
,('c006','Farah Ali','012-3456794','farahali@example.com',4)
,('c007','Azman Othman','012-3456795','azmanothman@example.com',8)
,('c008','Salmiah Ahmad','012-3456796','salmiahahmad@example.com',2)
,('c009','Iskandar Mohd Ali','012-3456797','iskandarmohdali@example.com',10)
,('c010','Norazlina Hassan','012-3456798','norazlinahassan@example.com',9)
,('c011','Wei Chen','012-3456799','weichen@example.com',10)
,('c012','Li Wong','012-3456800','liwong@example.com',15)
,('c013','Jia Hui','012-3456801','jiahui@example.com',10)
,('c014','Xin Lim','012-3456802','xinlim@example.com',7)
,('c015','Ming Liew','012-3456803','mingliew@example.com',16)
,('c016','Li Chong','012-3456804','lichong@example.com',15)
,('c017','Hong Goh','012-3456805','honggoh@example.com',9)
,('c018','Mei Chew','012-3456806','meichew@example.com',15)
,('c019','Wei Jie','012-3456807','weijie@example.com',19)
,('c020','Li Mei','012-3456808','limei@example.com',20)
,('c021','Ahmad Shah','012-3456809','ahmadshah@example.com',6)
,('c022','Nurul Amani','012-3456810','nurulamani@example.com',10)
,('c023','Amirul Ismail','012-3456811','amirulismail@example.com',17)
,('c024','Siti Noraini','012-3456812','sitinoraini@example.com',15)
,('c025','Hafizah Mohd Fauzi','012-3456813','hafizahmohdfauzi@example.com',12)
,('c026','Faridah Ahmad','012-3456814','faridahahmad@example.com',11)
,('c027','Azim Aziz','012-3456815','azimaziz@example.com',5)
,('c028','Salwa Ismail','012-3456816','salwaismail@example.com',11)
,('c029','Iskandar Mohd Saleh','012-3456817','iskandarmohdsaleh@example.com',3)
,('c030','Norliza Hassan','012-3456818','norlizahassan@example.com',16)
,('c031','Adilah Lee','012-3456819','adilahlee@example.com',5)
,('c032','Syafiq Ibrahim','012-3456820','syafiqibrahim@example.com',10)
,('c033','Aisyah Tan','012-3456821','aisyahtan@example.com',14)
,('c034','Amir Hamzah','012-3456822','amirhamzah@example.com',6)
,('c035','Norhana Abdullah','012-3456823','norhanaabdullah@example.com',7)
,('c036','Rina Lim','012-3456824','rinalim@example.com',8)
,('c037','Zainal Mohd','012-3456825','zainalmohd@example.com',10)
,('c038','Azizah Yusof','012-3456826','azizahyusof@example.com',11)
,('c039','Faisal Ismail','012-3456827','faisalismail@example.com',18)
,('c040','Sabrina Cheong','012-3456828','sabrinacheong@example.com',19)
,('c041','Zara Ng','012-3456829','zarang@example.com',20)
,('c042','Nor Azlina','012-3456830','norazlina@example.com',19)
,('c043','Wan Haziqah','012-3456831','wanhaziqah@example.com',19)
,('c044','Aiman Cheah','012-3456832','aimancheah@example.com',2)
,('c045','Naimah Rahim','012-3456833','naimahrahim@example.com',14)
,('c046','Rizal Abdullah','012-3456834','rizalabdullah@example.com',4)
,('c047','Shazrina Ong','012-3456835','shazrinaong@example.com',10)
,('c048','Azri Mohd','012-3456836','azrimohd@example.com',17)
,('c049','Iman Azman','012-3456837','imanazman@example.com',1)
,('c050','Zulaikha Yusof','012-3456838','zulaikhayusof@example.com',6)
,('c051','Amelia Cook','012-3456839','ameliacook@example.com',20)
,('c052','Oliver Bell','012-3456840','oliverbell@example.com',11)
,('c053','Sophia Gray','012-3456841','sophiagray@example.com',3)
,('c054','Ethan Foster','012-3456842','ethanfoster@example.com',9)
,('c055','Ava Hayes','012-3456843','avahayes@example.com',6)
,('c056','Benjamin Nelson','012-3456844','benjaminnelson@example.com',9)
,('c057','Emma Richardson','012-3456845','emmarichardson@example.com',6)
,('c058','James Hughes','012-3456846','jameshughes@example.com',19)
,('c059','Olivia Wright','012-3456847','oliviawright@example.com',4)
,('c060','William Bailey','012-3456848','williambailey@example.com',13)
,('c061','Isabella Gray','012-3456849','isabellagray@example.com',8)
,('c062','Alexander Reed','012-3456850','alexanderreed@example.com',16)
,('c063','Mia Parker','012-3456851','miaparker@example.com',12)
,('c064','Noah Bell','012-3456852','noahbell@example.com',3)
,('c065','Charlotte Cox','012-3456853','charlottecox@example.com',4)
,('c066','Amelia Green','012-3456854','ameliagreen@example.com',3)
,('c067','Oliver Mitchell','012-3456855','olivermitchell@example.com',8)
,('c068','Sophia Howard','012-3456856','sophiahoward@example.com',1)
,('c069','Azlina Kamal','012-3456857','azlinakamal@example.com',12)
,('c070','Kamal Hassan','012-3456858','kamalhassan@example.com',12)
,('c071','Aina Lim','012-3456859','ainalim@example.com',17)
,('c072','Mohd Rahim','012-3456860','mohdrahim@example.com',16)
,('c073','Nor Aisyah','012-3456861','noraisyah@example.com',7)
,('c074','Olivia Nelson','012-3456862','olivianelson@example.com',13)
,('c075','William Mitchell','012-3456863','williammitchell@example.com',1)
,('c076','Isabella Howard','012-3456864','isabellahoward@example.com',11)
,('c077','Alexander Cook','012-3456865','alexandercook@example.com',16)
,('c078','Mia Bell','012-3456866','miabell@example.com',18)
,('c079','Noah Gray','012-3456867','noahgray@example.com',17)
,('c080','Charlotte Foster','012-3456868','charlottefoster@example.com',17)
,('c081','Amelia Hayes','012-3456869','ameliahayes@example.com',2)
,('c082','Oliver Nelson','012-3456870','olivernelson@example.com',9)
,('c083','Sophia Mitchell','012-3456871','sophiamitchell@example.com',16)
,('c084','Ethan Howard','012-3456872','ethanhoward@example.com',17)
,('c085','Ava Cook','012-3456873','avacook@example.com',4)
,('c086','Benjamin Bell','012-3456874','benjaminbell@example.com',8)
,('c087','Emma Gray','012-3456875','emmagray@example.com',7)
,('c088','James Foster','012-3456876','jamesfoster@example.com',16)
,('c089','Olivia Hayes','012-3456877','oliviahayes@example.com',9)
,('c090','William Nelson','012-3456878','williamnelson@example.com',18)
,('c091','Isabella Mitchell','012-3456879','isabellamitchell@example.com',8)
,('c092','Alexander Howard','012-3456880','alexanderhoward@example.com',4)
,('c093','Mia Foster','012-3456881','miafoster@example.com',20)
,('c094','Noah Hayes','012-3456882','noahhayes@example.com',7)
,('c095','Charlotte Nelson','012-3456883','charlottenelson@example.com',20)
,('c096','Amelia Mitchell','012-3456884','ameliamitchell@example.com',8)
,('c097','Oliver Howard','012-3456885','oliverhoward@example.com',16)
,('c098','Sophia Foster','012-3456886','sophiafoster@example.com',1)
,('c099','Ethan Hayes','012-3456887','ethanhayes@example.com',19)
,('c100','Ava Nelson','012-3456888','avanelson@example.com',7);

INSERT INTO region(region_id,city,state,country) VALUES
 (1,'Kuala Lumpur','Federal Territory','Malaysia')
,(2,'Penang','Penang','Malaysia')
,(3,'Johor Bahru','Johor','Malaysia')
,(4,'Kota Kinabalu','Sabah','Malaysia')
,(5,'Ipoh','Perak','Malaysia')
,(6,'Malacca','Malacca','Malaysia')
,(7,'Kuching','Sarawak','Malaysia')
,(8,'Petaling Jaya','Selangor','Malaysia')
,(9,'Putrajaya','Putrajaya','Malaysia')
,(10,'Langkawi','Kedah','Malaysia');


INSERT INTO employee(emp_id,first_name,last_name,gender,hired_date,region_id) VALUES
 (101,'Nurul','Mohd Yusof','F','2022-05-13',7)
,(102,'Amirul','Hassan','M','2021-10-10',4)
,(103,'Siti','Ibrahim','F','2018-09-06',10)
,(104,'Hafiz','Mohd Nor','M','2019-04-05',1)
,(105,'Farah','Ali','F','2018-02-21',2)
,(106,'Azman','Othman','M','2020-09-02',8)
,(107,'Salmiah','Ahmad','F','2020-10-07',5)
,(108,'Iskandar','Mohd Ali','M','2021-11-08',1)
,(109,'Norazlina','Hassan','F','2018-04-10',5)
,(110,'Wei','Chen','M','2021-03-20',10)
,(111,'Li','Wong','F','2022-09-21',7)
,(112,'Xin','Lim','M','2021-05-15',8)
,(113,'James','Rodriguez','M','2020-05-08',8)
,(114,'Jian','Ng','M','2020-08-09',4)
,(115,'Ying','Low','F','2019-08-02',1)
,(116,'Hong','Goh','M','2018-02-28',3)
,(117,'Mei','Chew','F','2018-03-11',1)
,(118,'Ming','Liew','M','2021-09-09',10)
,(119,'Li','Chong','F','2018-12-23',6)
,(120,'Ethan','Yap','M','2019-12-01',7)
,(121,'Ava','Tee','F','2021-05-26',4)
,(122,'Benjamin','Low','M','2018-12-22',3)
,(123,'Wei','Lee','M','2022-06-30',7)
,(124,'James','Liew','M','2022-01-08',5)
,(125,'Zhi Sin','Liao','M','2020-07-02',1)
,(126,'Woon Xin','Tan','F','2022-03-13',1)
,(127,'Isabella','Chew','F','2022-08-30',5)
,(128,'Zainal','Aziz','M','2018-05-17',8)
,(129,'Mia','Yong','F','2019-02-19',7)
,(130,'Siao Qian','Loo','F','2020-11-22',5);

INSERT INTO performance(project_code,emp_id,customer_id,progress,project_amt,start_date,end_date) VALUES
 ('P101',118,'c081','finished',50000,'2022-05-09','2022-09-13')
,('P102',110,'c053','finished',75000,'2022-05-21','2023-06-16')
,('P103',119,'c060','finished',40000,'2022-05-12','2022-10-12')
,('P104',106,'c038','finished',60000,'2022-01-23','2023-03-01')
,('P105',112,'c023','finished',90000,'2022-09-11','2023-02-02')
,('P106',101,'c083','finished',55000,'2022-02-16','2023-05-08')
,('P107',122,'c090','finished',35000,'2022-11-20','2022-12-21')
,('P108',129,'c080','finished',70000,'2022-03-15','2022-06-26')
,('P109',126,'c058','finished',80000,'2022-05-03','2023-05-19')
,('P110',102,'c098','finished',45000,'2022-04-03','2023-03-07')
,('P111',116,'c096','finished',65000,'2022-01-19','2023-01-13')
,('P112',111,'c030','finished',30000,'2022-01-26','2022-02-07')
,('P113',127,'c017','finished',55000,'2022-04-17','2022-06-11')
,('P114',106,'c067','finished',85000,'2022-01-14','2022-03-12')
,('P115',107,'c013','finished',75000,'2022-06-06','2022-08-13')
,('P116',106,'c025','ongoing',40000,'2022-12-17','9999-01-01')
,('P117',103,'c020','finished',70000,'2022-10-24','2023-05-20')
,('P118',113,'c066','finished',95000,'2022-05-17','2023-01-03')
,('P119',130,'c099','finished',60000,'2022-03-10','2022-09-27')
,('P120',124,'c089','ongoing',35000,'2022-08-31','9999-01-01')
,('P121',130,'c060','finished',80000,'2022-10-22','2023-01-03')
,('P122',119,'c100','finished',50000,'2022-04-06','2023-03-08')
,('P123',124,'c088','finished',45000,'2022-02-04','2023-01-09')
,('P124',117,'c048','ongoing',75000,'2022-11-10','9999-01-01')
,('P125',109,'c036','finished',70000,'2022-01-25','2022-05-05')
,('P126',104,'c028','finished',55000,'2022-06-13','2022-09-14')
,('P127',123,'c004','finished',35000,'2022-03-22','2023-05-30')
,('P128',102,'c040','ongoing',90000,'2022-12-17','9999-01-01')
,('P129',101,'c052','finished',40000,'2022-01-25','2023-03-30')
,('P130',125,'c055','finished',60000,'2022-04-01','2023-01-20')
,('P131',109,'c038','finished',50000,'2022-06-07','2023-02-22')
,('P132',129,'c041','finished',75000,'2022-04-02','2022-04-14')
,('P133',104,'c091','finished',40000,'2022-01-11','2022-12-25')
,('P134',104,'c014','ongoing',60000,'2022-11-28','9999-01-01')
,('P135',126,'c063','finished',90000,'2022-08-28','2023-04-23')
,('P136',119,'c037','finished',55000,'2022-02-03','2023-06-09')
,('P137',129,'c074','finished',35000,'2022-03-26','2022-08-14')
,('P138',102,'c049','finished',70000,'2022-06-24','2022-06-26')
,('P139',129,'c053','finished',80000,'2022-02-25','2022-06-20')
,('P140',108,'c038','finished',45000,'2022-03-09','2023-01-14')
,('P141',104,'c085','finished',65000,'2022-08-28','2022-10-16')
,('P142',121,'c061','finished',30000,'2022-03-30','2022-06-11')
,('P143',126,'c002','finished',55000,'2022-07-15','2022-08-29')
,('P144',120,'c046','finished',85000,'2022-02-25','2022-12-19')
,('P145',111,'c027','finished',75000,'2022-10-27','2022-12-03')
,('P146',127,'c011','finished',40000,'2022-02-25','2022-12-01')
,('P147',109,'c072','finished',70000,'2022-11-05','2023-03-25')
,('P148',121,'c075','ongoing',95000,'2022-11-15','9999-01-01')
,('P149',108,'c091','finished',60000,'2022-05-30','2022-07-03')
,('P150',106,'c056','finished',35000,'2022-02-07','2022-03-05')
,('P151',127,'c003','finished',80000,'2022-08-26','2023-04-15')
,('P152',123,'c092','finished',50000,'2022-03-17','2022-11-15')
,('P153',101,'c007','finished',45000,'2022-07-21','2023-04-29')
,('P154',107,'c028','finished',75000,'2022-02-21','2022-05-01')
,('P155',107,'c052','finished',70000,'2022-12-03','2023-05-27')
,('P156',123,'c100','ongoing',55000,'2022-08-30','9999-01-01')
,('P157',119,'c095','finished',35000,'2022-01-19','2022-12-21')
,('P158',109,'c010','finished',90000,'2022-06-03','2022-11-11')
,('P159',103,'c035','finished',40000,'2022-10-12','2023-02-26')
,('P160',116,'c046','finished',60000,'2022-04-12','2023-03-21')
,('P161',111,'c063','finished',55000,'2022-03-14','2023-04-23')
,('P162',108,'c037','ongoing',30000,'2022-12-03','9999-01-01')
,('P163',130,'c098','finished',70000,'2022-09-24','2023-03-19')
,('P164',106,'c094','ongoing',80000,'2022-10-02','9999-01-01')
,('P165',113,'c069','finished',45000,'2022-09-02','2022-11-13')
,('P166',123,'c050','ongoing',65000,'2022-11-13','9999-01-01')
,('P167',111,'c045','finished',55000,'2022-01-09','2022-11-07')
,('P168',116,'c011','finished',85000,'2022-04-05','2023-01-01')
,('P169',126,'c038','finished',75000,'2022-03-01','2022-12-05')
,('P170',102,'c015','finished',40000,'2022-06-14','2022-09-12')
,('P171',124,'c075','finished',50000,'2022-08-23','2023-06-01')
,('P172',116,'c015','ongoing',75000,'2022-11-23','9999-01-01')
,('P173',107,'c060','finished',40000,'2022-11-17','2022-12-27')
,('P174',105,'c055','ongoing',60000,'2022-08-22','9999-01-01')
,('P175',112,'c053','finished',90000,'2022-06-09','2023-02-08')
,('P176',116,'c015','ongoing',55000,'2022-07-04','9999-01-01')
,('P177',125,'c026','finished',35000,'2022-02-10','2022-02-23')
,('P178',123,'c058','finished',70000,'2022-01-28','2022-05-18')
,('P179',127,'c050','finished',80000,'2022-04-09','2023-03-22')
,('P180',115,'c033','ongoing',45000,'2022-12-01','9999-01-01')
,('P181',110,'c068','finished',65000,'2022-04-30','2022-06-29')
,('P182',119,'c012','finished',30000,'2022-01-28','2022-10-21')
,('P183',118,'c013','finished',55000,'2022-04-22','2023-05-22')
,('P184',114,'c090','ongoing',85000,'2022-12-12','9999-01-01')
,('P185',126,'c017','finished',75000,'2022-04-11','2022-12-30')
,('P186',127,'c019','ongoing',40000,'2022-07-25','9999-01-01')
,('P187',122,'c027','finished',70000,'2022-10-24','2022-12-18')
,('P188',104,'c003','ongoing',95000,'2022-11-13','9999-01-01')
,('P189',124,'c078','finished',60000,'2022-01-01','2022-12-27')
,('P190',123,'c030','ongoing',35000,'2022-09-07','9999-01-01')
,('P191',130,'c032','finished',80000,'2022-05-01','2022-08-11')
,('P192',116,'c095','finished',50000,'2022-01-22','2023-04-28')
,('P193',110,'c015','finished',45000,'2022-11-14','2023-02-01')
,('P194',113,'c014','finished',75000,'2022-05-05','2023-02-22')
,('P195',125,'c096','finished',70000,'2022-10-10','2023-05-29')
,('P196',116,'c047','ongoing',55000,'2022-10-09','9999-01-01')
,('P197',114,'c006','finished',35000,'2022-07-06','2022-11-21')
,('P198',123,'c036','finished',90000,'2022-06-15','2023-03-16')
,('P199',125,'c032','finished',40000,'2022-03-31','2022-07-30')
,('P200',105,'c023','ongoing',60000,'2022-10-21','9999-01-01');
